Date,HomeTeam,AwayTeam,ActualScore,PredictedScore,ActualResult,PredictedResult,P_Home,P_Draw,P_Away,ExpectedHomeGoals,ExpectedAwayGoals
2025-08-15,Liverpool,Bournemouth,4-2,2-1,H,H,0.676,0.1731,0.1509,2.566,1.14
2025-08-16,Aston Villa,Newcastle,0-0,1-1,D,H,0.397,0.233,0.37,1.666,1.602
2025-08-16,Brighton,Fulham,1-1,1-1,D,H,0.5133,0.235,0.2517,1.777,1.174
2025-08-16,Sunderland,West Ham,3-0,1-1,H,H,0.3794,0.2512,0.3694,1.441,1.418
2025-08-16,Tottenham,Burnley,3-0,2-1,H,H,0.6413,0.1953,0.1635,2.218,1.023
2025-08-16,Wolves,Man City,0-4,0-1,A,A,0.181,0.2188,0.6001,0.953,1.931
2025-08-17,Chelsea,Crystal Palace,0-0,1-1,D,H,0.5329,0.2233,0.2439,1.928,1.237
2025-08-17,Nott'm Forest,Brentford,3-1,1-1,H,H,0.3765,0.2535,0.37,1.414,1.4
2025-08-17,Man United,Arsenal,0-1,1-1,A,A,0.249,0.2375,0.5135,1.144,1.747
2025-08-18,Leeds,Everton,1-0,1-1,H,A,0.3557,0.2721,0.3721,1.227,1.261
2025-08-22,West Ham,Chelsea,1-5,1-1,A,A,0.2901,0.2309,0.4791,1.365,1.813
2025-08-23,Man City,Tottenham,0-2,2-1,A,H,0.6738,0.1759,0.1503,2.506,1.105
2025-08-23,Bournemouth,Wolves,1-0,2-0,H,H,0.6125,0.2111,0.1765,2.022,0.982
2025-08-23,Brentford,Aston Villa,1-0,1-1,H,H,0.4703,0.2326,0.2971,1.783,1.374
2025-08-23,Burnley,Sunderland,2-0,1-1,H,H,0.4335,0.261,0.3055,1.45,1.174
2025-08-23,Arsenal,Leeds,5-0,2-0,H,H,0.7497,0.1621,0.0882,2.378,0.677
2025-08-24,Crystal Palace,Nott'm Forest,1-1,1-1,D,H,0.5098,0.2463,0.2439,1.65,1.062
2025-08-24,Everton,Brighton,2-0,1-1,H,H,0.3772,0.2556,0.3671,1.397,1.375
2025-08-24,Fulham,Man United,1-1,1-1,D,H,0.4507,0.2452,0.3041,1.619,1.287
2025-08-25,Newcastle,Liverpool,2-3,1-1,A,A,0.3391,0.2207,0.4402,1.658,1.911
2025-08-30,Chelsea,Fulham,2-0,1-1,H,H,0.5659,0.2201,0.214,1.954,1.118
2025-08-30,Man United,Burnley,3-2,2-0,H,H,0.6151,0.2107,0.1742,2.023,0.971
2025-08-30,Sunderland,Brentford,2-1,1-1,H,A,0.2699,0.2345,0.4956,1.253,1.777
2025-08-30,Tottenham,Bournemouth,0-1,1-1,A,H,0.4372,0.2243,0.3385,1.854,1.611
2025-08-30,Wolves,Everton,2-3,1-1,A,A,0.3568,0.2761,0.3671,1.203,1.225
2025-08-30,Leeds,Newcastle,0-0,1-1,D,A,0.2486,0.2284,0.523,1.214,1.859
2025-08-31,Brighton,Man City,2-1,1-1,H,A,0.3104,0.2359,0.4537,1.391,1.726
2025-08-31,Nott'm Forest,West Ham,0-3,1-1,A,H,0.4909,0.2478,0.2612,1.627,1.117
2025-08-31,Liverpool,Arsenal,1-0,1-1,H,H,0.4752,0.2369,0.288,1.735,1.301
2025-08-31,Aston Villa,Crystal Palace,0-3,1-1,A,H,0.4649,0.2409,0.2943,1.681,1.29
2025-09-13,Arsenal,Nott'm Forest,3-0,2-0,H,H,0.6757,0.1985,0.1258,2.053,0.749
2025-09-13,Bournemouth,Brighton,2-1,1-1,H,H,0.4636,0.2302,0.3062,1.808,1.432
2025-09-13,Crystal Palace,Sunderland,0-0,2-0,D,H,0.6371,0.203,0.16,2.095,0.941
2025-09-13,Everton,Aston Villa,0-0,1-1,D,H,0.3861,0.2591,0.3548,1.387,1.319
2025-09-13,Fulham,Leeds,1-0,1-0,H,H,0.5496,0.239,0.2114,1.727,0.973
2025-09-13,Newcastle,Wolves,1-0,2-0,H,H,0.6779,0.184,0.1381,2.305,0.933
2025-09-13,West Ham,Tottenham,0-3,1-1,A,A,0.3757,0.2318,0.3925,1.631,1.671
2025-09-13,Brentford,Chelsea,2-2,1-1,D,H,0.412,0.2319,0.356,1.71,1.576
2025-09-14,Burnley,Liverpool,0-1,0-2,A,A,0.1277,0.1751,0.6973,0.924,2.405
2025-09-14,Man City,Man United,3-0,2-1,H,H,0.6739,0.1813,0.1448,2.38,1.008
2025-09-20,Liverpool,Everton,2-1,2-0,H,H,0.7165,0.1678,0.1157,2.464,0.881
2025-09-20,Brighton,Tottenham,2-2,2-1,D,H,0.5164,0.2152,0.2684,2.053,1.434
2025-09-20,Burnley,Nott'm Forest,1-1,1-1,D,A,0.3202,0.2721,0.4076,1.142,1.325
2025-09-20,West Ham,Crystal Palace,1-2,1-1,A,A,0.3487,0.2483,0.403,1.393,1.515
2025-09-20,Wolves,Leeds,1-3,1-1,A,H,0.4426,0.2654,0.292,1.425,1.105
2025-09-20,Man United,Chelsea,2-1,1-1,H,A,0.3646,0.2329,0.4025,1.589,1.679
2025-09-20,Fulham,Brentford,3-1,1-1,H,H,0.4055,0.2484,0.3461,1.519,1.386
2025-09-21,Bournemouth,Newcastle,0-0,1-1,D,H,0.4074,0.2288,0.3638,1.741,1.635
2025-09-21,Sunderland,Aston Villa,1-1,1-1,D,A,0.2741,0.2396,0.4863,1.227,1.712
2025-09-21,Arsenal,Man City,1-1,1-1,D,H,0.4671,0.2497,0.2832,1.591,1.182
2025-09-27,Brentford,Man United,3-1,1-1,H,H,0.516,0.2225,0.2615,1.941,1.326
2025-09-27,Chelsea,Brighton,1-3,1-1,A,H,0.521,0.2195,0.2594,1.985,1.346
2025-09-27,Crystal Palace,Liverpool,2-1,1-1,H,A,0.2656,0.2234,0.5109,1.335,1.928
2025-09-27,Leeds,Bournemouth,2-2,1-1,D,A,0.2996,0.2446,0.4558,1.278,1.631
2025-09-27,Man City,Burnley,5-1,2-0,H,H,0.7878,0.1385,0.0737,2.67,0.693
2025-09-27,Nott'm Forest,Sunderland,0-1,1-0,A,H,0.5602,0.2354,0.2044,1.762,0.963
2025-09-27,Tottenham,Wolves,1-1,2-1,D,H,0.5891,0.212,0.1989,2.047,1.102
2025-09-28,Aston Villa,Fulham,3-1,1-1,H,H,0.4983,0.2409,0.2608,1.704,1.165
2025-09-28,Newcastle,Arsenal,1-2,1-1,A,A,0.3454,0.2452,0.4093,1.412,1.557
2025-09-29,Everton,West Ham,1-1,1-1,D,H,0.4973,0.2479,0.2548,1.629,1.092
2025-10-03,Bournemouth,Fulham,3-1,1-1,H,H,0.5105,0.2347,0.2548,1.78,1.19
2025-10-04,Leeds,Tottenham,1-2,1-1,A,A,0.3337,0.2392,0.4271,1.435,1.652
2025-10-04,Arsenal,West Ham,2-0,2-0,H,H,0.7328,0.1658,0.1014,2.407,0.77
2025-10-04,Man United,Sunderland,2-0,2-1,H,H,0.6146,0.2054,0.18,2.108,1.046
2025-10-04,Chelsea,Liverpool,2-1,1-1,H,A,0.3296,0.2229,0.4475,1.597,1.889
2025-10-05,Aston Villa,Burnley,2-1,2-0,H,H,0.649,0.2009,0.1501,2.097,0.893
2025-10-05,Everton,Crystal Palace,2-1,1-1,H,H,0.3898,0.2637,0.3465,1.357,1.264
2025-10-05,Newcastle,Nott'm Forest,2-0,2-1,H,H,0.6012,0.2107,0.1882,2.049,1.052
2025-10-05,Wolves,Brighton,1-1,1-1,D,A,0.2983,0.2491,0.4526,1.237,1.582
2025-10-05,Brentford,Man City,0-1,1-1,A,A,0.305,0.2346,0.4604,1.384,1.749
2025-10-18,Nott'm Forest,Chelsea,0-3,1-1,A,A,0.327,0.2488,0.4242,1.328,1.546
2025-10-18,Brighton,Newcastle,2-1,1-1,H,H,0.4108,0.2295,0.3597,1.738,1.614
2025-10-18,Burnley,Leeds,2-0,1-1,H,H,0.3949,0.2695,0.3356,1.323,1.197
2025-10-18,Crystal Palace,Bournemouth,3-3,1-1,D,H,0.4464,0.239,0.3146,1.681,1.376
2025-10-18,Man City,Everton,2-0,2-0,H,H,0.6695,0.1943,0.1361,2.143,0.844
2025-10-18,Sunderland,Wolves,2-0,1-1,H,H,0.4051,0.2639,0.331,1.383,1.224
2025-10-18,Fulham,Arsenal,0-1,1-1,A,A,0.2442,0.252,0.5038,1.027,1.592
2025-10-19,Tottenham,Aston Villa,1-2,1-1,A,H,0.4427,0.2276,0.3297,1.816,1.542
2025-10-19,Liverpool,Man United,1-2,2-1,A,H,0.7208,0.1568,0.1224,2.736,1.052
2025-10-20,West Ham,Brentford,0-2,1-1,A,A,0.3401,0.2392,0.4207,1.453,1.641
2025-10-24,Leeds,West Ham,2-1,1-1,H,H,0.4125,0.255,0.3325,1.47,1.294
2025-10-25,Chelsea,Sunderland,1-2,2-0,A,H,0.7142,0.1667,0.1191,2.506,0.922
2025-10-25,Newcastle,Fulham,2-1,2-1,H,H,0.5786,0.2142,0.2072,2.028,1.131
2025-10-25,Man United,Brighton,4-2,1-1,H,H,0.4124,0.2354,0.3522,1.669,1.527
2025-10-25,Brentford,Liverpool,3-2,1-2,H,A,0.2771,0.2178,0.5051,1.446,2.011
2025-10-26,Arsenal,Crystal Palace,1-0,2-0,H,H,0.6311,0.2097,0.1593,2.005,0.891
2025-10-26,Aston Villa,Man City,1-0,1-1,H,A,0.2992,0.2379,0.4629,1.334,1.713
2025-10-26,Bournemouth,Nott'm Forest,2-0,1-1,H,H,0.5338,0.2332,0.233,1.798,1.107
2025-10-26,Wolves,Burnley,2-3,1-1,A,H,0.4853,0.2612,0.2535,1.499,1.006
2025-10-26,Everton,Tottenham,0-3,1-1,A,H,0.4207,0.244,0.3353,1.59,1.394
2025-11-01,Brighton,Leeds,3-0,2-0,H,H,0.6225,0.2061,0.1714,2.079,0.988
2025-11-01,Burnley,Arsenal,0-2,0-1,A,A,0.1422,0.2101,0.6477,0.787,1.96
2025-11-01,Crystal Palace,Brentford,2-0,1-1,H,H,0.4484,0.2392,0.3124,1.682,1.367
2025-11-01,Fulham,Wolves,3-0,1-0,H,H,0.5423,0.2439,0.2138,1.677,0.954
2025-11-01,Nott'm Forest,Man United,2-2,1-1,D,H,0.4203,0.2523,0.3274,1.507,1.301
2025-11-01,Tottenham,Chelsea,0-1,1-1,A,A,0.3825,0.2242,0.3933,1.742,1.769
2025-11-01,Liverpool,Aston Villa,2-0,2-1,H,H,0.6781,0.1747,0.1472,2.514,1.091
2025-11-02,West Ham,Newcastle,3-1,1-1,H,A,0.2827,0.2262,0.4911,1.381,1.882
2025-11-02,Man City,Bournemouth,3-1,2-1,H,H,0.6281,0.1966,0.1753,2.232,1.091
2025-11-03,Sunderland,Everton,1-1,1-1,D,A,0.3254,0.2649,0.4097,1.202,1.382
2025-11-08,Tottenham,Man United,2-2,1-1,D,H,0.489,0.2196,0.2914,1.977,1.488
2025-11-08,Everton,Fulham,2-0,1-1,H,H,0.4212,0.2681,0.3108,1.376,1.142
2025-11-08,West Ham,Burnley,3-2,1-1,H,H,0.5338,0.2383,0.2278,1.738,1.048
2025-11-08,Sunderland,Arsenal,2-2,0-2,D,A,0.1465,0.2043,0.6493,0.847,2.042
2025-11-08,Chelsea,Wolves,3-0,2-0,H,H,0.6652,0.1909,0.1439,2.22,0.922
2025-11-09,Aston Villa,Bournemouth,4-0,1-1,H,H,0.4568,0.234,0.3093,1.753,1.405
2025-11-09,Brentford,Newcastle,3-1,1-1,H,H,0.4048,0.2292,0.366,1.73,1.636
2025-11-09,Crystal Palace,Brighton,0-0,1-1,D,H,0.4418,0.2404,0.3178,1.659,1.373
2025-11-09,Nott'm Forest,Leeds,3-1,1-0,H,H,0.5183,0.2508,0.2308,1.607,0.983
2025-11-09,Man City,Liverpool,3-0,1-1,H,H,0.4357,0.2301,0.3342,1.773,1.529
2025-11-22,Burnley,Chelsea,0-2,1-1,A,A,0.2177,0.2256,0.5567,1.093,1.884
2025-11-22,Bournemouth,West Ham,2-2,2-1,D,H,0.5932,0.2079,0.1989,2.107,1.138
2025-11-22,Brighton,Brentford,2-1,1-1,H,H,0.4736,0.2292,0.2971,1.829,1.408
2025-11-22,Fulham,Sunderland,1-0,1-0,H,H,0.592,0.2225,0.1855,1.893,0.953
2025-11-22,Liverpool,Nott'm Forest,0-3,2-0,A,H,0.7256,0.1632,0.1112,2.519,0.88
2025-11-22,Wolves,Crystal Palace,0-2,1-1,A,A,0.3119,0.2596,0.4284,1.202,1.454
2025-11-22,Newcastle,Man City,2-1,1-1,H,A,0.3676,0.2337,0.3987,1.588,1.662
2025-11-23,Leeds,Aston Villa,1-2,1-1,A,A,0.3053,0.2502,0.4445,1.252,1.562
2025-11-23,Arsenal,Tottenham,4-1,2-0,H,H,0.6743,0.1827,0.1431,2.348,0.982
2025-11-24,Man United,Everton,0-1,1-1,A,H,0.4752,0.2471,0.2777,1.624,1.182
2025-11-29,Brentford,Burnley,3-1,2-0,H,H,0.6598,0.1943,0.146,2.178,0.912
2025-11-29,Man City,Leeds,3-2,2-0,H,H,0.7547,0.1541,0.0913,2.538,0.761
2025-11-29,Sunderland,Bournemouth,3-2,1-1,H,A,0.268,0.2337,0.4984,1.252,1.788
2025-11-29,Everton,Newcastle,1-4,1-1,A,A,0.327,0.2468,0.4262,1.345,1.57
2025-11-29,Tottenham,Fulham,1-2,1-1,A,H,0.4829,0.2319,0.2852,1.802,1.336
2025-11-30,Crystal Palace,Man United,1-2,1-1,A,H,0.4952,0.2332,0.2716,1.792,1.27
2025-11-30,Aston Villa,Wolves,1-0,1-0,H,H,0.5992,0.2186,0.1823,1.936,0.962
2025-11-30,Nott'm Forest,Brighton,0-2,1-1,A,A,0.3705,0.2541,0.3754,1.395,1.406
2025-11-30,West Ham,Liverpool,0-2,1-2,A,A,0.1786,0.1923,0.6291,1.154,2.313
2025-11-30,Chelsea,Arsenal,1-1,1-1,D,A,0.3361,0.2482,0.4157,1.36,1.539
2025-12-02,Bournemouth,Everton,0-1,1-1,A,H,0.5243,0.2366,0.2391,1.758,1.109
2025-12-02,Fulham,Man City,4-5,1-1,A,A,0.259,0.2414,0.4996,1.155,1.699
2025-12-02,Newcastle,Tottenham,2-2,2-1,D,H,0.5852,0.1962,0.2186,2.344,1.381
2025-12-03,Arsenal,Brentford,2-0,2-0,H,H,0.6308,0.2041,0.1651,2.092,0.964
2025-12-03,Brighton,Aston Villa,3-4,1-1,A,H,0.4761,0.2324,0.2915,1.791,1.356
2025-12-03,Burnley,Crystal Palace,0-1,1-1,A,A,0.269,0.2522,0.4788,1.115,1.575
2025-12-03,Wolves,Nott'm Forest,0-1,1-1,A,H,0.3646,0.2744,0.361,1.23,1.223
2025-12-03,Leeds,Chelsea,3-1,1-1,H,A,0.2556,0.2337,0.5107,1.2,1.791
2025-12-03,Liverpool,Sunderland,1-1,3-0,D,H,0.8309,0.1092,0.0599,3.199,0.779
2025-12-04,Man United,West Ham,1-1,1-1,D,H,0.5422,0.2218,0.236,1.946,1.213
2025-12-06,Aston Villa,Arsenal,2-1,1-1,H,A,0.2816,0.2485,0.4699,1.186,1.605
2025-12-06,Bournemouth,Chelsea,0-0,1-1,D,H,0.4147,0.2315,0.3539,1.721,1.575
2025-12-06,Everton,Nott'm Forest,3-0,1-1,H,H,0.443,0.27,0.2871,1.39,1.063
2025-12-06,Man City,Sunderland,3-0,2-0,H,H,0.791,0.134,0.075,2.782,0.746
2025-12-06,Newcastle,Burnley,2-1,2-0,H,H,0.7252,0.1642,0.1106,2.497,0.866
2025-12-06,Tottenham,Brentford,2-0,1-1,H,H,0.4394,0.2245,0.3361,1.855,1.601
2025-12-06,Leeds,Liverpool,3-3,1-2,D,A,0.1551,0.1893,0.6557,1.015,2.286
2025-12-07,Brighton,West Ham,1-1,2-1,D,H,0.5958,0.2078,0.1963,2.104,1.123
2025-12-07,Fulham,Crystal Palace,1-2,1-1,A,H,0.412,0.2565,0.3316,1.456,1.28
2025-12-08,Wolves,Man United,1-4,1-1,A,A,0.3446,0.2537,0.4017,1.336,1.463
2025-12-13,Chelsea,Everton,2-0,1-1,H,H,0.5787,0.2209,0.2004,1.93,1.042
2025-12-13,Liverpool,Brighton,2-0,2-1,H,H,0.6711,0.1754,0.1536,2.533,1.138
2025-12-13,Burnley,Fulham,2-3,1-1,A,A,0.2989,0.2647,0.4364,1.13,1.423
2025-12-13,Arsenal,Wolves,2-1,2-0,H,H,0.7419,0.1676,0.0906,2.309,0.664
2025-12-14,Crystal Palace,Man City,0-3,1-1,A,A,0.2923,0.2414,0.4663,1.279,1.676
2025-12-14,Nott'm Forest,Tottenham,3-0,1-1,H,H,0.4136,0.243,0.3433,1.587,1.426
2025-12-14,Sunderland,Newcastle,1-0,1-2,H,A,0.2186,0.2144,0.5671,1.19,2.038
2025-12-14,West Ham,Aston Villa,2-3,1-1,A,A,0.3439,0.2435,0.4126,1.423,1.58
2025-12-14,Brentford,Leeds,1-1,2-1,D,H,0.6174,0.2074,0.1752,2.07,1.001
2025-12-15,Man United,Bournemouth,4-4,1-1,D,H,0.4169,0.2343,0.3489,1.691,1.53
2025-12-20,Newcastle,Chelsea,2-2,1-1,D,H,0.4836,0.2205,0.2959,1.961,1.497
2025-12-20,Bournemouth,Burnley,1-1,2-0,D,H,0.6624,0.193,0.1446,2.191,0.911
2025-12-20,Brighton,Sunderland,0-0,2-0,D,H,0.6652,0.1879,0.147,2.279,0.968
2025-12-20,Man City,West Ham,3-0,2-0,H,H,0.7362,0.1584,0.1054,2.568,0.866
2025-12-20,Wolves,Brentford,0-2,1-1,A,A,0.3037,0.2492,0.4471,1.254,1.574
2025-12-20,Tottenham,Liverpool,1-2,1-2,A,A,0.2479,0.203,0.5491,1.473,2.257
2025-12-20,Everton,Arsenal,0-1,0-1,A,A,0.2296,0.2545,0.5159,0.957,1.573
2025-12-20,Leeds,Crystal Palace,4-1,1-1,H,A,0.3101,0.2556,0.4343,1.225,1.497
2025-12-21,Aston Villa,Man United,2-1,1-1,H,H,0.5064,0.2276,0.266,1.869,1.298
2025-12-22,Fulham,Nott'm Forest,1-0,1-1,H,H,0.4665,0.2605,0.273,1.491,1.076
2025-12-26,Man United,Newcastle,1-0,1-1,H,A,0.3571,0.2295,0.4134,1.607,1.743
2025-12-27,Nott'm Forest,Man City,1-2,1-1,A,A,0.2373,0.2403,0.5224,1.075,1.717
2025-12-27,Arsenal,Brighton,2-1,2-0,H,H,0.6242,0.2068,0.169,2.064,0.969
2025-12-27,Brentford,Bournemouth,4-1,1-1,H,H,0.4656,0.2294,0.305,1.82,1.435
2025-12-27,Burnley,Everton,0-0,1-1,D,A,0.313,0.2732,0.4138,1.117,1.327
2025-12-27,Liverpool,Wolves,2-1,2-0,H,H,0.7905,0.1327,0.0768,2.833,0.78
2025-12-27,West Ham,Fulham,0-1,1-1,A,H,0.382,0.2552,0.3628,1.412,1.369
2025-12-27,Chelsea,Aston Villa,1-2,1-1,A,H,0.53,0.2204,0.2496,1.97,1.29
2025-12-28,Sunderland,Leeds,1-1,1-1,D,H,0.4106,0.26,0.3294,1.424,1.248
2025-12-28,Crystal Palace,Tottenham,0-1,1-1,A,H,0.4898,0.2257,0.2845,1.888,1.393
2025-12-30,Burnley,Newcastle,1-3,1-1,A,A,0.211,0.2197,0.5693,1.105,1.956
2025-12-30,Chelsea,Bournemouth,2-2,2-1,D,H,0.526,0.2178,0.2562,2.01,1.348
2025-12-30,Nott'm Forest,Everton,0-2,1-1,A,H,0.4283,0.2719,0.2999,1.357,1.089
2025-12-30,West Ham,Brighton,2-2,1-1,D,A,0.3342,0.2394,0.4265,1.434,1.648
2025-12-30,Arsenal,Aston Villa,4-1,2-0,H,H,0.6306,0.2069,0.1625,2.049,0.929
2025-12-30,Man United,Wolves,1-1,1-1,D,H,0.5638,0.2266,0.2096,1.867,1.047
2026-01-01,Crystal Palace,Fulham,1-1,1-1,D,H,0.4872,0.2469,0.2659,1.634,1.141
2026-01-01,Liverpool,Leeds,0-0,2-0,D,H,0.7976,0.128,0.0744,2.918,0.795
2026-01-01,Brentford,Tottenham,0-0,2-1,D,H,0.5103,0.2158,0.2739,2.044,1.453
2026-01-01,Sunderland,Man City,0-0,0-2,D,A,0.1537,0.1958,0.6505,0.952,2.179
2026-01-03,Aston Villa,Nott'm Forest,3-1,1-1,H,H,0.5213,0.2399,0.2389,1.721,1.085
2026-01-03,Brighton,Burnley,2-0,2-0,H,H,0.6645,0.1928,0.1427,2.187,0.899
2026-01-03,Wolves,West Ham,3-0,1-1,H,H,0.4134,0.2584,0.3283,1.442,1.257
2026-01-03,Bournemouth,Arsenal,2-3,1-1,A,A,0.289,0.2449,0.4661,1.239,1.638
2026-01-04,Leeds,Man United,1-1,1-1,D,A,0.3428,0.25,0.4072,1.362,1.506
2026-01-04,Everton,Brentford,2-4,1-1,A,H,0.3833,0.2549,0.3618,1.416,1.369
2026-01-04,Newcastle,Crystal Palace,2-0,1-1,H,H,0.5454,0.2179,0.2367,2.001,1.252
2026-01-04,Tottenham,Sunderland,1-1,2-1,D,H,0.6405,0.1906,0.1688,2.311,1.102
2026-01-04,Fulham,Liverpool,2-2,1-1,D,A,0.2335,0.2211,0.5454,1.206,1.953
2026-01-04,Man City,Chelsea,1-1,2-1,D,H,0.5773,0.21,0.2127,2.097,1.198
2026-01-06,West Ham,Nott'm Forest,1-2,1-1,A,H,0.4055,0.2587,0.3358,1.426,1.274
2026-01-07,Bournemouth,Tottenham,3-2,2-1,H,H,0.5132,0.215,0.2718,2.057,1.452
2026-01-07,Brentford,Sunderland,3-0,2-0,H,H,0.6603,0.1893,0.1504,2.269,0.981
2026-01-07,Crystal Palace,Aston Villa,0-0,1-1,D,H,0.4509,0.2426,0.3065,1.647,1.317
2026-01-07,Everton,Wolves,1-1,1-0,D,H,0.5171,0.2556,0.2273,1.563,0.943
2026-01-07,Fulham,Chelsea,2-1,1-1,H,A,0.3541,0.2461,0.3998,1.427,1.531
2026-01-07,Man City,Brighton,1-1,2-1,D,H,0.6231,0.1988,0.1781,2.203,1.089
2026-01-07,Burnley,Man United,2-2,1-1,D,A,0.2984,0.2488,0.4528,1.24,1.585
2026-01-07,Newcastle,Leeds,4-3,2-0,H,H,0.6857,0.1791,0.1352,2.373,0.951
2026-01-08,Arsenal,Liverpool,0-0,1-1,D,H,0.4452,0.2406,0.3142,1.661,1.36
2026-01-17,Man United,Man City,2-0,1-1,H,A,0.2642,0.228,0.5078,1.286,1.864
2026-01-17,Chelsea,Brentford,2-0,2-1,H,H,0.5281,0.2177,0.2542,2.012,1.34
2026-01-17,Leeds,Fulham,1-0,1-1,H,A,0.3414,0.2651,0.3934,1.242,1.353
2026-01-17,Liverpool,Burnley,1-1,3-0,D,H,0.8281,0.1129,0.059,3.07,0.724
2026-01-17,Sunderland,Crystal Palace,2-1,1-1,H,A,0.2792,0.2454,0.4754,1.201,1.642
2026-01-17,Tottenham,West Ham,1-2,2-1,A,H,0.5669,0.2086,0.2245,2.134,1.278
2026-01-17,Nott'm Forest,Arsenal,0-0,0-1,D,A,0.224,0.2508,0.5252,0.956,1.608
2026-01-18,Wolves,Newcastle,0-0,1-1,D,A,0.2513,0.2326,0.5161,1.191,1.806
2026-01-18,Aston Villa,Everton,0-1,1-1,A,H,0.5118,0.2432,0.2449,1.683,1.086
2026-01-19,Brighton,Bournemouth,1-1,1-1,D,H,0.4715,0.2292,0.2993,1.828,1.416
2026-01-24,West Ham,Sunderland,3-1,1-1,H,H,0.5316,0.2322,0.2362,1.811,1.129
2026-01-24,Burnley,Tottenham,2-2,1-1,D,A,0.2886,0.2367,0.4747,1.306,1.738
2026-01-24,Fulham,Brighton,2-1,1-1,H,H,0.3992,0.2493,0.3515,1.499,1.392
2026-01-24,Man City,Wolves,2-0,2-0,H,H,0.747,0.1593,0.0938,2.464,0.747
2026-01-24,Bournemouth,Liverpool,3-2,1-2,H,A,0.2793,0.2178,0.5029,1.455,2.01
2026-01-25,Brentford,Nott'm Forest,0-2,1-1,A,H,0.5311,0.2341,0.2347,1.787,1.108
2026-01-25,Crystal Palace,Chelsea,1-3,1-1,A,H,0.3947,0.2403,0.3649,1.579,1.51
2026-01-25,Newcastle,Aston Villa,0-2,2-1,A,H,0.5425,0.2152,0.2422,2.045,1.305
2026-01-25,Arsenal,Man United,2-3,2-0,A,H,0.6732,0.1888,0.1381,2.23,0.896
2026-01-26,Everton,Leeds,1-1,1-0,D,H,0.5243,0.2507,0.2251,1.61,0.961
2026-01-31,Brighton,Everton,1-1,1-1,D,H,0.5269,0.2369,0.2362,1.755,1.095
2026-01-31,Leeds,Arsenal,0-4,0-1,A,A,0.1693,0.2231,0.6075,0.864,1.863
2026-01-31,Wolves,Bournemouth,0-2,1-1,A,A,0.3018,0.2485,0.4497,1.253,1.584
2026-01-31,Chelsea,West Ham,3-2,2-1,H,H,0.6483,0.1892,0.1624,2.314,1.069
2026-01-31,Liverpool,Newcastle,4-1,2-1,H,H,0.62,0.1878,0.1921,2.439,1.299
2026-02-01,Aston Villa,Brentford,0-1,1-1,A,H,0.4589,0.2341,0.3071,1.754,1.397
2026-02-01,Man United,Fulham,3-2,1-1,H,H,0.4607,0.2439,0.2954,1.643,1.268
2026-02-01,Nott'm Forest,Crystal Palace,1-1,1-1,D,H,0.3833,0.2623,0.3544,1.355,1.293
2026-02-01,Tottenham,Man City,2-2,1-1,D,A,0.2767,0.2209,0.5025,1.41,1.963
2026-02-02,Sunderland,Burnley,3-0,1-1,H,H,0.4545,0.2583,0.2872,1.498,1.136
2026-02-06,Leeds,Nott'm Forest,3-1,1-1,H,A,0.3636,0.2706,0.3659,1.254,1.259
2026-02-07,Man United,Tottenham,2-0,1-1,H,H,0.4596,0.2232,0.3172,1.899,1.549
2026-02-07,Arsenal,Sunderland,3-0,2-0,H,H,0.7858,0.1413,0.0729,2.607,0.663
2026-02-07,Bournemouth,Aston Villa,1-1,1-1,D,H,0.473,0.2319,0.295,1.794,1.373
2026-02-07,Burnley,West Ham,0-2,1-1,A,A,0.3649,0.2596,0.3755,1.338,1.361
2026-02-07,Fulham,Everton,1-2,1-1,A,H,0.4576,0.2634,0.279,1.458,1.078
2026-02-07,Wolves,Chelsea,1-3,1-1,A,A,0.2581,0.2379,0.5039,1.177,1.739
2026-02-07,Newcastle,Brentford,2-3,2-1,A,H,0.5407,0.2126,0.2467,2.088,1.355
2026-02-08,Brighton,Crystal Palace,0-1,1-1,A,H,0.4796,0.2357,0.2847,1.753,1.3
2026-02-08,Liverpool,Man City,1-2,1-1,A,H,0.5046,0.2217,0.2738,1.952,1.389
2026-02-10,Chelsea,Leeds,2-2,2-0,D,H,0.673,0.1859,0.1411,2.286,0.94
2026-02-10,Everton,Bournemouth,1-2,1-1,A,H,0.3813,0.2545,0.3641,1.415,1.377
2026-02-10,Tottenham,Newcastle,1-2,1-1,A,A,0.3746,0.2212,0.4042,1.762,1.836
2026-02-10,West Ham,Man United,1-1,1-1,D,H,0.3846,0.2412,0.3742,1.549,1.525
2026-02-11,Aston Villa,Brighton,1-0,1-1,H,H,0.4521,0.2354,0.3125,1.731,1.403
2026-02-11,Crystal Palace,Burnley,2-3,2-0,A,H,0.6364,0.2084,0.1551,2.011,0.874
2026-02-11,Man City,Fulham,3-0,2-0,H,H,0.6597,0.1947,0.1455,2.169,0.905
2026-02-11,Nott'm Forest,Wolves,0-0,1-0,D,H,0.5113,0.2556,0.2331,1.561,0.964
2026-02-11,Sunderland,Liverpool,0-1,0-2,A,A,0.1314,0.1707,0.6979,0.995,2.506
2026-02-12,Brentford,Arsenal,1-1,1-1,D,A,0.287,0.245,0.468,1.231,1.639
2026-02-18,Wolves,Arsenal,2-2,0-1,D,A,0.1718,0.2284,0.5998,0.848,1.809
2026-02-21,Aston Villa,Leeds,1-1,2-0,D,H,0.6068,0.2137,0.1795,1.994,0.98
2026-02-21,Brentford,Brighton,0-2,1-1,A,H,0.4609,0.2308,0.3083,1.797,1.433
2026-02-21,Chelsea,Burnley,1-1,2-0,D,H,0.7128,0.1712,0.116,2.405,0.856
2026-02-21,West Ham,Bournemouth,0-0,1-1,D,A,0.338,0.2387,0.4233,1.452,1.651
2026-02-21,Man City,Newcastle,2-1,2-1,H,H,0.572,0.209,0.2191,2.121,1.244
2026-02-22,Crystal Palace,Wolves,1-0,1-0,H,H,0.5869,0.2258,0.1874,1.856,0.941
2026-02-22,Nott'm Forest,Liverpool,0-1,1-1,A,A,0.2126,0.2185,0.5689,1.123,1.974
2026-02-22,Sunderland,Fulham,1-3,1-1,A,A,0.3106,0.257,0.4324,1.217,1.483
2026-02-22,Tottenham,Arsenal,1-4,1-1,A,A,0.2606,0.2298,0.5096,1.254,1.84
2026-02-23,Everton,Man United,0-1,1-1,A,H,0.4271,0.2532,0.3198,1.509,1.272
2026-02-27,Wolves,Aston Villa,2-0,1-1,H,A,0.3073,0.2541,0.4385,1.228,1.517
2026-02-28,Bournemouth,Sunderland,1-1,2-0,D,H,0.663,0.1881,0.149,2.283,0.981
2026-02-28,Burnley,Brentford,3-4,1-1,A,A,0.26,0.2407,0.4992,1.164,1.706
2026-02-28,Liverpool,West Ham,5-2,2-0,H,H,0.7802,0.1331,0.0867,2.953,0.904
2026-02-28,Newcastle,Everton,2-3,1-1,A,H,0.5915,0.2146,0.1939,2.004,1.054
2026-02-28,Leeds,Man City,0-1,0-1,A,A,0.1783,0.2139,0.6078,0.972,1.988
2026-03-01,Brighton,Nott'm Forest,2-1,1-1,H,H,0.5364,0.2334,0.2301,1.795,1.093
2026-03-01,Fulham,Tottenham,2-1,1-1,H,H,0.4445,0.2367,0.3188,1.705,1.412
2026-03-01,Man United,Crystal Palace,2-1,1-1,H,H,0.4263,0.2418,0.3319,1.622,1.404
2026-03-01,Arsenal,Chelsea,2-1,1-1,H,H,0.5806,0.2183,0.2012,1.965,1.065
2026-03-03,Bournemouth,Brentford,0-0,1-1,D,H,0.4705,0.2288,0.3007,1.832,1.426
2026-03-03,Everton,Burnley,2-0,1-0,H,H,0.5662,0.2414,0.1924,1.694,0.875
2026-03-03,Leeds,Sunderland,0-1,1-1,A,H,0.483,0.2508,0.2663,1.593,1.115
2026-03-03,Wolves,Liverpool,2-1,0-2,H,A,0.158,0.1941,0.6479,0.996,2.22
2026-03-04,Aston Villa,Chelsea,1-4,1-1,A,H,0.4041,0.2359,0.36,1.647,1.543
2026-03-04,Brighton,Arsenal,0-1,1-1,A,A,0.292,0.2465,0.4615,1.236,1.617
2026-03-04,Fulham,West Ham,0-1,1-1,A,H,0.5225,0.2375,0.24,1.748,1.106
2026-03-04,Man City,Nott'm Forest,2-2,2-0,D,H,0.6788,0.1897,0.1315,2.191,0.842
2026-03-04,Newcastle,Man United,2-1,2-1,H,H,0.5891,0.2017,0.2092,2.225,1.259
2026-03-05,Tottenham,Crystal Palace,1-3,1-1,A,H,0.4471,0.231,0.3219,1.778,1.479
2026-03-14,Burnley,Bournemouth,0-0,1-1,D,A,0.2582,0.2399,0.5019,1.163,1.716
2026-03-14,Sunderland,Brighton,0-1,1-1,A,A,0.2648,0.234,0.5013,1.236,1.785
2026-03-14,Arsenal,Everton,2-0,2-0,H,H,0.6665,0.2034,0.1301,2.008,0.75
2026-03-14,Chelsea,Newcastle,0-1,1-1,A,H,0.4647,0.2228,0.3125,1.911,1.536
2026-03-14,West Ham,Man City,1-1,1-2,D,A,0.2038,0.215,0.5812,1.105,2.012
2026-03-15,Crystal Palace,Leeds,0-0,1-0,D,H,0.5945,0.2208,0.1847,1.912,0.96
2026-03-15,Man United,Aston Villa,3-1,1-1,H,H,0.4222,0.238,0.3398,1.657,1.464
2026-03-15,Nott'm Forest,Fulham,0-0,1-1,D,H,0.4149,0.2671,0.318,1.374,1.168
2026-03-15,Liverpool,Tottenham,1-1,2-1,D,H,0.7206,0.1525,0.1269,2.882,1.154
2026-03-16,Brentford,Wolves,2-2,2-0,D,H,0.6098,0.2122,0.178,2.01,0.982
2026-03-20,Bournemouth,Man United,2-2,1-1,D,H,0.5188,0.2217,0.2595,1.953,1.325
2026-03-21,Brighton,Liverpool,2-1,1-1,H,A,0.2826,0.2194,0.498,1.452,1.984
2026-03-21,Fulham,Burnley,3-1,1-0,H,H,0.592,0.2285,0.1795,1.817,0.885
2026-03-21,Everton,Chelsea,3-0,1-1,H,A,0.3338,0.2509,0.4153,1.33,1.512
2026-03-21,Leeds,Brentford,0-0,1-1,D,A,0.3015,0.2453,0.4532,1.278,1.621
2026-03-22,Newcastle,Sunderland,1-2,2-0,A,H,0.7266,0.1598,0.1136,2.602,0.932
2026-03-22,Aston Villa,West Ham,2-0,2-1,H,H,0.5801,0.2148,0.2052,2.017,1.115
2026-03-22,Tottenham,Nott'm Forest,0-3,1-1,A,H,0.5076,0.2313,0.2611,1.82,1.244
2026-04-10,West Ham,Wolves,4-0,1-1,H,H,0.4824,0.2496,0.268,1.604,1.13
2026-04-11,Arsenal,Bournemouth,1-2,2-0,A,H,0.6291,0.2044,0.1665,2.091,0.97
2026-04-11,Brentford,Everton,2-2,1-1,D,H,0.5216,0.2375,0.2409,1.747,1.11
2026-04-11,Burnley,Brighton,0-2,1-1,A,A,0.2551,0.2402,0.5046,1.148,1.714
2026-04-11,Liverpool,Fulham,2-0,2-0,H,H,0.707,0.169,0.124,2.494,0.945
2026-04-12,Crystal Palace,Newcastle,2-1,1-1,H,H,0.3877,0.2373,0.375,1.598,1.568
2026-04-12,Nott'm Forest,Aston Villa,1-1,1-1,D,H,0.3794,0.2577,0.3628,1.385,1.348
2026-04-12,Sunderland,Tottenham,1-0,1-1,H,A,0.2998,0.2304,0.4697,1.406,1.811
2026-04-12,Chelsea,Man City,0-3,1-1,A,A,0.3576,0.2366,0.4058,1.529,1.643
2026-04-13,Man United,Leeds,1-2,1-1,A,H,0.5711,0.2219,0.2069,1.923,1.067
2026-04-18,Brentford,Fulham,0-0,1-1,D,H,0.5078,0.2355,0.2567,1.769,1.19
2026-04-18,Leeds,Wolves,3-0,1-1,H,H,0.4363,0.2662,0.2975,1.411,1.116
2026-04-18,Newcastle,Bournemouth,1-2,2-1,A,H,0.5385,0.2128,0.2487,2.087,1.364
2026-04-18,Tottenham,Brighton,2-2,1-1,D,H,0.4325,0.2255,0.342,1.83,1.608
2026-04-18,Chelsea,Man United,0-1,2-1,A,H,0.5763,0.2073,0.2164,2.144,1.245
2026-04-19,Aston Villa,Sunderland,4-3,2-0,H,H,0.6496,0.1957,0.1548,2.185,0.961
2026-04-19,Everton,Liverpool,1-2,1-1,A,A,0.2187,0.2222,0.5592,1.125,1.93
2026-04-19,Nott'm Forest,Burnley,4-1,1-0,H,H,0.5606,0.2419,0.1975,1.691,0.894
2026-04-19,Man City,Arsenal,2-1,1-1,H,H,0.4327,0.254,0.3133,1.509,1.246
2026-04-20,Crystal Palace,West Ham,0-0,1-1,D,H,0.568,0.2213,0.2107,1.934,1.091
2026-04-21,Brighton,Chelsea,3-0,1-1,H,H,0.418,0.2322,0.3498,1.718,1.555
2026-04-22,Bournemouth,Leeds,2-2,2-1,D,H,0.6201,0.2062,0.1736,2.082,1.001
2026-04-22,Burnley,Man City,0-1,0-2,A,A,0.1491,0.2011,0.6498,0.885,2.092
2026-04-24,Sunderland,Nott'm Forest,0-5,1-1,A,A,0.3329,0.2638,0.4033,1.229,1.38
2026-04-25,Fulham,Aston Villa,1-0,1-1,H,H,0.4083,0.2523,0.3395,1.488,1.335
2026-04-25,Liverpool,Crystal Palace,3-1,2-1,H,H,0.6791,0.1767,0.1442,2.46,1.046
2026-04-25,West Ham,Everton,2-1,1-1,H,H,0.397,0.2607,0.3424,1.395,1.276
2026-04-25,Wolves,Tottenham,0-1,1-1,A,A,0.3358,0.2427,0.4215,1.407,1.604
2026-04-25,Arsenal,Newcastle,1-0,1-1,H,H,0.5759,0.2171,0.2071,1.988,1.106
2026-04-27,Man United,Brentford,2-1,1-1,H,H,0.419,0.2345,0.3465,1.692,1.52
2026-05-01,Leeds,Burnley,3-1,1-1,H,H,0.4856,0.2579,0.2565,1.529,1.036
2026-05-02,Brentford,West Ham,3-0,2-1,H,H,0.5904,0.209,0.2006,2.094,1.139
2026-05-02,Newcastle,Brighton,3-1,2-1,H,H,0.5335,0.2145,0.2519,2.06,1.361
2026-05-02,Wolves,Sunderland,1-1,1-1,D,H,0.4829,0.254,0.2631,1.562,1.083
2026-05-02,Arsenal,Fulham,3-0,2-0,H,H,0.6577,0.2034,0.1389,2.032,0.805
2026-05-03,Bournemouth,Crystal Palace,3-0,1-1,H,H,0.4766,0.2352,0.2882,1.756,1.317
2026-05-03,Man United,Liverpool,3-2,1-2,H,A,0.2368,0.2088,0.5544,1.343,2.143
2026-05-03,Aston Villa,Tottenham,1-2,1-1,A,H,0.5009,0.2205,0.2786,1.969,1.423
2026-05-04,Chelsea,Nott'm Forest,1-3,1-1,A,H,0.5884,0.2169,0.1947,1.974,1.04
2026-05-04,Everton,Man City,3-3,1-1,D,A,0.2433,0.2437,0.513,1.077,1.679
2026-05-09,Liverpool,Chelsea,1-1,2-1,D,H,0.6254,0.1883,0.1863,2.411,1.251
2026-05-09,Brighton,Wolves,3-0,2-0,H,H,0.6148,0.211,0.1742,2.019,0.969
2026-05-09,Fulham,Bournemouth,0-1,1-1,A,H,0.4035,0.2481,0.3484,1.518,1.394
2026-05-09,Sunderland,Man United,0-0,1-1,D,A,0.3101,0.2419,0.4481,1.335,1.651
2026-05-09,Man City,Brentford,3-0,2-1,H,H,0.6299,0.1962,0.1738,2.233,1.085
2026-05-10,Burnley,Aston Villa,2-2,1-1,D,A,0.264,0.2462,0.4898,1.139,1.643
2026-05-10,Crystal Palace,Everton,2-2,1-1,D,H,0.5005,0.2496,0.2499,1.614,1.063
2026-05-10,Nott'm Forest,Newcastle,1-1,1-1,D,A,0.3202,0.2446,0.4352,1.343,1.605
2026-05-10,West Ham,Arsenal,0-1,0-1,A,A,0.1929,0.2238,0.5832,0.982,1.885
2026-05-11,Tottenham,Leeds,1-1,2-1,D,H,0.5966,0.2075,0.1959,2.108,1.124
2026-05-13,Man City,Crystal Palace,3-0,2-1,H,H,0.6313,0.2012,0.1675,2.14,1.002
2026-05-15,Aston Villa,Liverpool,4-2,1-1,H,A,0.2719,0.2205,0.5075,1.393,1.969
2026-05-17,Man United,Nott'm Forest,3-2,1-1,H,H,0.4844,0.2442,0.2713,1.66,1.181
2026-05-17,Brentford,Crystal Palace,2-2,1-1,D,H,0.4739,0.236,0.2901,1.745,1.318
2026-05-17,Everton,Sunderland,1-3,1-0,A,H,0.566,0.2349,0.1991,1.765,0.942
2026-05-17,Leeds,Brighton,1-0,1-1,H,A,0.2961,0.2451,0.4587,1.261,1.629
2026-05-17,Wolves,Fulham,1-1,1-1,D,A,0.3428,0.2691,0.3881,1.218,1.314
2026-05-17,Newcastle,West Ham,3-1,2-1,H,H,0.6612,0.1828,0.156,2.402,1.082
2026-05-18,Arsenal,Burnley,1-0,2-0,H,H,0.7819,0.1464,0.0717,2.502,0.616
2026-05-19,Bournemouth,Man City,1-1,1-1,D,A,0.3072,0.2345,0.4583,1.393,1.748
2026-05-19,Chelsea,Tottenham,2-1,2-1,H,H,0.5723,0.2015,0.2262,2.258,1.365
2026-05-24,Brighton,Man United,0-3,1-1,A,H,0.5218,0.2219,0.2563,1.949,1.308
2026-05-24,Burnley,Wolves,1-1,1-1,D,H,0.3895,0.2735,0.337,1.284,1.175
2026-05-24,Crystal Palace,Arsenal,1-2,1-1,A,A,0.2752,0.2522,0.4726,1.137,1.571
2026-05-24,Fulham,Newcastle,2-0,1-1,H,A,0.3472,0.2423,0.4105,1.443,1.589
2026-05-24,Liverpool,Brentford,1-1,2-1,D,H,0.6778,0.1727,0.1495,2.568,1.133
2026-05-24,Man City,Aston Villa,1-2,2-1,A,H,0.6302,0.1987,0.1711,2.186,1.045
2026-05-24,Nott'm Forest,Bournemouth,1-1,1-1,D,H,0.3745,0.2531,0.3724,1.413,1.409
2026-05-24,Sunderland,Chelsea,2-1,1-1,H,A,0.2256,0.2201,0.5544,1.176,1.963
2026-05-24,Tottenham,Everton,1-0,1-1,H,H,0.498,0.2343,0.2677,1.78,1.245
2026-05-24,West Ham,Leeds,3-0,1-1,H,H,0.489,0.2453,0.2657,1.652,1.152
